9.423362098606537	-0.1310765212734923	2.049199646126636	-0.09244173428410153	-0.07174418958636901	12.74736114195294
5.687044091420178	-0.3134022233145492	1.2611484243476667	0.5079461942298991	-0.06945589958507734	4.661485555973097
4.643233206923108	-0.4781966078516583	-0.3478564205911254	0.13842083745202427	-0.2040073516610276	3.4092377962139198
4.534979503690416	-0.5903970398769242	-0.22987228011013236	0.7055516489037436	-0.22391547467226516	8.110103109920818
4.362495999591249	0.11085566028098705	2.6794354674000247	0.4001225770446626	-0.08341446859295654	1.356225679145644
4.046600966699893	-0.1065326767679654	0.5578112089475212	0.3888601327491915		2.8997380556115515
4.041544019187912	-0.5728657223729764	0.29414684776435707	0.3458631366763003	0.2557101095984692	-0.2648242561715936
3.6818877825023897	0.054755444268354145	4.068052286148353	0.7782448573212053		1.3753820172147961
3.507521605303523	-0.42910891884060454	8.251108762880149	0.16103237609982848	-0.08821987759566904	-0.10592375605881098
3.274704995823304	-0.7446726339116645	0.9260664978142954	0.17883277349519844	-0.17311543664359005	-0.3607530766100513
3.1330447908447896	-0.05043246075533252	0.3899508988439036	-0.3768519780643659	0.22962360358374412	-0.4090117470146742
2.871944301773744	-0.7692164784171914	-0.569057329639234	0.04060942802753544		-0.3501597099358658
2.8332838285869015	0.46148201035994263	0.7667801664234534	-0.24926802172140416	-0.007900898550331378	0.5649894666396047
2.6731690489218027	0.3948630038449411	0.43775615261490963	-0.3077526839100861	-0.05183606657513146	0.41197417023470284
2.5950381152842943	-0.22925189929559986	3.147268906328267	-0.054730391679793766	-0.016825229555368894	1.1240838188882845
2.5934181407566466	-0.08900135926401763	-0.32441829819570506	-0.24557507882180843		-0.24055956128400094
2.4970953310046045	-0.08198883226243851	1.2334910528339957	0.02605634466789941	-0.053209040575906474	0.8738920388588541
2.429165858581744	0.16344961279283035	1.2332200918814475	-0.04526903070909759	-0.061446884580556485	0.5355634481002005
2.3723791839233814	0.24759993681177972	1.9201061065911662	0.3304848146798831	-0.06167571358068565	0.7918052175413322
2.1777195420335733	-0.1065326767679654	-0.4652599304595152	-0.11854609546208207	-0.10355142060432325	0.992031618090854
2.1099870935397513	-0.1065326767679654	0.29821126205258025	-0.011721017027350851	-0.14153703462576497	0.39431855911106034
2.019684459397212	-0.5693594588721868	7.515043335282932	6.662988566662296	-0.06670995158352733	1.9288795407372812
2.001623932568704	0.12137445078335571	-0.31495401921027105	-0.43320133528037646		-0.6797311175771927
1.9502882532804	-0.05043246075533252	-0.10883015173609516	-0.08739952621336855	-0.03078379856324809	0.7645861503923833
1.933147171454071	0.2335748828086215	0.6562668064912895	1.4398840605536967	-0.04725948657254812	-0.21358178748707515
1.7638160502195155	0.7910707794341609	-0.1324231089615431	-0.3305705322170856	0.6261842608075908	1.2206011596975301
1.7450331023178673	-0.30989595981375967	0.3006886193330211	-0.336689676708818	-0.056183817577585636	3.4885938830109846
1.7442450066017143	-0.46417155384850006	6.1519162004278884	5.720854876981067	-0.06442166158223565	1.344673024267074
1.6151943330816492	0.05826170776914372	0.5100059551765151	-0.15157008260947277	0.16967040554990231	0.4585555575825797
1.5873263928965697	-0.5378030873650808	0.6078809221076802	-0.026106989563038693	-0.005383779548910535	-0.18732789374621875
1.5596554766405286	-0.5027404523571852	1.1178681435109228	0.25077088856000546		0.9475277076518592
1.5447473326766332	-0.30989595981375967	1.9493311807588662	0.0011300116439240053	-0.11613701561142745	0.1583218904250387
1.4792916051405867	-0.03290114325138474	-0.6430683783924029	4.926164511436939	-0.30125967671592363	0.673183051605286
1.461909716289877	-0.18016421028454607	0.8818417994876764	1.4203568513108622	-0.04680182857228979	0.036810089468423006
1.44768021030378	0.4895321183662591	-0.3151282083940521	-0.4322399322685264	-0.015452255554593895	-0.569089287869033
1.3857928050380934	-0.08198883226243851	-0.1364875232497663	-0.4342184419002093	-0.057785620578489814	0.223647651582516
1.3558451678242769	0.31071267982599177	0.2163423456755132	-0.3526745491032694	-0.057785620578489814	0.9769537261912634
1.354181410201287	-0.5833845128753451	4.7674799220903035	5.307123549527417	-0.063506345581719	2.1620454264398123
1.3389886761176695	0.04073039026519594	1.2264460680677423	1.1529774698971693	-0.0349027205655731	1.0863478927133525
1.3117555908150467	0.01618654575966904	-0.20906634982518033	-0.42732357308990254	-0.062362200581073154	1.8185378564182233
1.2794436664527709	0.0757930252730915	0.34121663609273223	-0.3272963979256563	-0.051607237575002296	-0.21431743795056027
1.2760942596591203	-0.4080713378358672	4.203416636299939	4.885220296473041	-0.07563428258856485	1.029332039191403
1.1735980334638796	-0.23626442629717898	1.0571341814326165	4.016417312056188	-0.021630638558081405	0.2992077819879981
1.1547275193715476	0.06878049827151238	0.59382966128268	-0.16151627127927787	0.03694958547498538	0.01913682273365685
1.1416582654120093	-0.7902540594219288	-0.6875059746103097	0.03392912126279183	-0.3088110337201862	-0.463744141497966
1.1327921886052872	-0.26080827080270585	1.7917867412058341	6.280758661071175	-0.026893705561052247	-0.7474109602178224
1.1318070689600959	-0.14860783877744008	1.2694707964616476	0.005804988521289365	-0.06716760958378566	1.9404321956158512
1.0961019547088278	-0.004851035245068283	4.195597477383547	4.636478929671051	-0.05252255357551897	0.6435863621583533
1.090607176243427	15.349076834712395	-0.26269726407597294	0.6897380135264243	-0.04748831557267729	-0.7359995502282415
1.0882647806426389	0.1704621397944095	0.8378880621136056	-0.10912187023004105	-0.009045043550977213	0.828905541715813
1.081478400864654	-0.0364074067521743	-0.5598833659601017	0.4938923802455156	-0.27517317070119857	0.056955141760499116
1.066417016067062	-0.09601388626559675	0.8775644873081653	-0.092421103318182	-0.0383351555675106	-0.05455181289271914
0.9823096899153928	-0.20821431829086254	0.06758478272654458	-0.3958819810285398	0.030542373471368702	-0.6379461712512389
0.9343672005160811	-0.12757025777270276	-0.44600234847483866	-0.41757544169292493	-0.14519829862783165	-0.7644368545447217
0.9098705586723232	-0.24678321679954765	-0.4124612534201207	-0.27803996679277987	-0.068998241584819	0.931137415325411
0.9095640770049304	1.723736870644183	-0.08949515233640484	0.6964781500923345	-0.13352801962124414	-0.6492869587963251
0.8712976516761647	-0.4115776013366567	-0.14591309352769335	0.63135650616734	-0.0502342635742273	-0.3547089724020577
0.8638545254680523	-0.1871767372861252	-0.3605335222996311	-0.2757623081552638	-0.037419839566993934	1.1939529573082457
0.8576811090248533	0.08280555227467061	0.9487110917058246	-0.41399390600929464	-0.02437658655963141	1.6007853192266324
0.8571557118807512	-0.21522684529244163	0.35608077977537705	-0.31696441019315597	-0.067625267584044	0.0973511800113932
0.8485085505507384	0.0021614917565108047	3.6546432899747945	3.479376764398102	-0.06487931958249399	0.7951009316177454
0.8372562950478862	-0.13458278477428184	2.8742757466359428	4.0108036262294835	-0.026207218560664748	0.43565622995521536
0.7873435663581919	-0.44313397284376277	2.161377480481596	0.06938137309891113	-0.03147028556363559	1.9621368268905157
0.7749091672811101	-0.21522684529244163	1.0846173637625067	-0.23479746222544626	-0.07380365058753151	1.1417394300119268
0.7630439484434722	0.5561511248812606	3.1785261876400783	-0.1570744243168032	-0.011562162552398047	-0.3645608034090502
0.7224789106092601	-0.12757025777270276	0.5797203373964195	-0.21118119553736098	-0.11796764761246077	1.277099115293186
0.6938666578033695	-0.17315168328296698	-0.4316414179897834	-0.3963606194378729	-0.11041629060819827	1.4721995034131439
0.6737702170414662	-0.015369825747436975	-0.3174507308444653	-0.37981664786700226	-0.06533697758275234	0.32837485156425555
0.6546370043770834	-0.4676778173492897	2.659829507047786	-0.10302748289741206	0.031228860471756197	-0.11769416347457266
0.6446325670914735	0.09332434277703927	-0.11330100745314065	-0.3683643986850715	-0.06327751658158982	-0.47669158965530384
0.6379556450518434	-0.11705146727033408	-0.17823486429594443	-0.3236797895999628	0.05640005048596458	0.9998295130037962
0.6014843266320931	0.13539950478651394	1.9563761655251197	-0.04645943744265443	0.47858955572427797	-0.38604768214652313
0.5994921957940395	-0.24678321679954765	0.7365293115068208	2.411035203800744	-0.04680182857228979	0.3037217332319427
0.5904072035106083	-0.39404628383270895	2.294806395257837	3.1945910370381023	-0.08616041659450653	0.5002522258529154
0.5689315952454371	-0.7306475799085064	-1.5276784710473028	0.006912871391168093		-0.383534700163258
0.5571977256938248	-0.043419933753753415	-0.17417045000772122	-0.3244926496571922	-0.14474064062757333	1.5023905984345725
0.5563877384300008	0.0267053362620377	-0.01879369807507489	-0.17956217716909023	-0.09645772160031905	0.5120226332686771
0.5535199456851104	-0.1871767372861252	0.3104045049172498	-0.19710881368365	-0.0962288926001899	-0.02756226868837761
0.5469962644791767	0.11786818728256616	1.0915462224062393	-0.13024797933163915	-0.04039461656867311	0.14714000338006508
0.5438219900668935	-0.3204147503161283	0.16635004993036798	2.8137929204817964	-0.05435318557655231	-0.37175840754378847
0.536400755406452	-0.26782079780428497	1.7064340411531471	-0.26028495752243286	-0.07815140158998568	1.6502210303728313
0.510590620702439	-0.3484648583224448	0.01888922868288014	0.11015641414226901	0.26371912460299	0.12246922943662862
0.5055774562857986	0.7139329824167906	0.48854197686394596	-0.37093501703864484	-0.06670995158352733	0.2707292812455627
0.49579193447689807	-0.40456507433507766	-0.04126410278282306	-0.16409101582603514	-0.01705405855549806	-0.4232539399877458
0.45349746437668337	-0.1380890482750714	-0.5235165352573808	0.02557770625856633	-0.2712830776990028	-0.38703639636944714
0.44570407340583634	-0.1941892642877043	-0.09193380090933882	-0.17606729154232195	-0.04680182857228979	1.6865445076578718
0.44561650721515267	0.25461246381335884	-0.5712056629058663	-0.3412553094668099	0.19323979256320653	0.828411184604351
0.4359185515969357	-0.6990912084014003	-0.11152040690782386	4.397188608356798	-0.24222179468259852	0.6297267074262939
0.4205944682272927	-0.08198883226243851	0.02185044480715698	-0.40320391083338075	-0.058014449578618975	1.3425896621544842
0.4205725766796218	3.554006418056331	-0.40768072804302	0.6198176069285473	-0.12918026861878995	-0.6148173206792671
0.4157345446443488		-1.2798459712344556	-0.3963028527332982		-0.7127471103784043
0.41542806297695595	-0.6885724178990317	-0.6015145808837591	-0.38493312741504554	-0.3419912387389154	1.228663888777327
0.400082088059642	-0.330933540818497	-0.6801319658302477	-0.15777381406147525		0.11235844946648933
0.3986810290087032	-0.053938724256122075	-0.3783588821065528	-0.26083374121589237	-0.1998884296587026	-0.0012730637252739022
0.3757167955019096	3.606600370568174	-0.463634164744226	-0.32658875579461644	-0.2520614416881527	-0.29425027471099785
0.3717106422781315	-0.7516851609132437	-0.2903546355896441	-0.3960717859149994	-0.1998884296587026	-0.7015063712963518
0.3606335191566467	-0.0679637782592803	2.6098952743639012	-0.211311170622654	-0.03856398456763977	-0.04471763749685025
0.35704330533861606	-0.47118408085007923	1.4424406559561744	-0.24034306586461576	0.05754419548661042	-0.1706609968455002
0.3520520324696466	-0.02939487975059518	-1.6734167548107342	-0.45060768122668343		2.5915534782446636
0.34644779626589145	-0.3204147503161283	-0.14039710270796188	-0.2980045525131085	-0.04428470957086895	0.9912018043680428
0.34445566542783784	-0.1065326767679654	-0.47900152162446025	-0.39565091421024107	-0.19485419165586093	0.581568085484705
0.33889521231942454	-0.7306475799085064	0.006850820648238076	-0.33309369934904404	-0.13558748062240664	-0.1677183949915598
0.3356990463594704	-0.004851035245068283	-0.314295971182654	-0.19985066905435545	-0.09233879959799404	0.10986312309434786
0.33057642420447547	0.734970563421528	0.26223151842492837	2.18500234118638	-0.0035531475478771967	-0.18344954450272527
0.3229800571626667	-0.022382352749016076	-0.4604019876674008	-0.1755969055193567	-0.15847038063532337	-0.032947230081088574
0.322892490971983	-0.6570160463919257	-0.14829367903936697	-0.40737755523890157	-0.1527496556320942	-0.7297788899090114
0.3082032624847967	-0.362489912325603	-0.06158617422393899	-0.42541314564575416	-0.09783069560109407	1.1123134114725226
0.3047006148574497	-0.19769552778849386	0.23782567834183577	2.504848332030028	-0.06327751658158982	0.10206522818140575
0.29079948208641637	-0.19769552778849386	-0.03911576951619082	0.08005377176908368	-0.09462708959928572	-0.5330247595471392
0.27054980049081667	0.0757930252730915	-0.3245344243182257	-0.3918445009980879	-0.05481084357681064	0.7270267803286878
0.2620777715421712	-0.14510157527665052	-0.05192835170097054	0.8392609390282135	-0.09439826059915657	-0.28735870116906936
0.25894728022522984	0.2265623558070424	0.030153462567384364	0.2868668265328141	0.1147514455189022	-0.47979309200935705
0.2508692991346609	0.5912137598891561	0.6989238021638795	0.3555535013687033	-0.08661807459476487	-0.23081366394375027
0.2477169162700486	-0.043419933753753415	-0.17629942892060005	-0.225909642107313	-0.12620549161711078	0.3211654770221015
0.22932801622647697	-0.2573020073019163	-0.2521491412803461	-0.15893533744274474	-0.1971424816571526	-0.19525526314073424
0.2271388614593851	0.1283869777849348	-0.31383146669257134	-0.37492298275088987	0.34838585465078187	-0.553481727635733
0.22702940372103053	-0.2923646423098119	-0.026496730868945446	-0.41931463211994124	0.10674243051438136	1.9142430391157816
0.22435863490517846	-0.039913670252963857	0.9212279093759345	3.671783215660225	-0.0035531475478771967	-0.7534020975924451
0.22304514204492334	-0.362489912325603	0.3725900435270646	2.0177429742835713	-0.01247747855291472	4.750611080925244
0.22177543228001007	3.543487627553962	-0.6777707346723275	-0.277070311394562		0.4614451926031492
0.21435419761956867	1.1802660280218016	-0.05241221054480664	1.5815961023583522	0.20079114956746907	-0.3740948334158172
0.2101729120144232	0.19500598429993637	0.007315325138320744	-0.4316498866432279	-0.006070266549298038	0.6238415037184131
0.20658269819639255	-0.47469034435086876	-0.4626083839952934	-0.44478974883737615	-0.0863892455946357	0.3680705505739118
0.2055537954558594	0.4755070643631009	-0.9149196312132738	-0.2587665184307555		0.023550725514567477
0.20507218140709918	-0.05043246075533252	-0.12462330439890523	-0.38963698764469823	-0.11453521261052327	-0.06871161301388043
0.18005014241923922	-0.8112916404266661	0.27678599244751806	-0.3361965966233413	-0.05206489557526064	-0.14392451640059756
0.1797874438471882	-0.09601388626559675	-0.3053929684560699	-0.3793318201678933		-0.6341384444522399
0.17643803705353767	-0.48520913485323747	-0.43648000642814433	1.3516000311908465	-0.24954432268673188	-0.44726557111589965
0.17311052180755804	-0.20821431829086254	-0.5638897171870646	-0.4310206421826822	-0.08181266559205236	-0.6864814462301321
0.16941085025117278	0.005667755257300379	-0.15177746271498685	-0.3599820372319667	-0.06670995158352733	-0.49728980263288675
0.16161745928032578	-0.17315168328296698	0.6336222125997604	-0.3497016269142652	-0.018427032556273062	0.7650863927075532
0.1593188467748793	-1.302168530537204	-0.9046618237239485	-0.23165123992271802		-0.5912411946254965
0.15259814163990731	-0.1240639942719132	-0.249787910122426	-0.2636911299957472	-0.04863246057332313	1.6451362143692223
0.15170058818539964	-0.43612144584218365	-0.3437726519491488	-0.4205896258137682	-0.12574783361685246	-0.6014579082623777
0.12937120956106268	-0.17665794678375654	-0.4262221989388192	-0.39300396128276543	-0.04108110356906061	0.5930677735299041
0.12803582515313666	-0.33443980431928655	-0.5517351830299019	-0.3539454166039124	-0.10789917160677741	-0.19003508745184394
0.12508046621756264	0.23708114630941107	-0.3473338530397825	-0.38342500380632794	-0.02117298055782307	0.004512091519572962
0.12017675953927688	-0.004851035245068283	0.0727330408249606	-0.4193352630858608	-0.12208656961478577	1.1859961618951909
0.11785625548615951	4.18864011169924	0.16038890897430735	0.38457714422429723	-0.053209040575906474	-0.549038398836283
0.09484823888402406	-0.2117205817916521	-0.22104669479856204	-0.40439225447034566	0.15479652054150647	0.24331011717054588
0.09329393899938884	-0.10302641326717585	-0.6635646390172999	-0.45362805463730255		0.8180532260784807
0.091367482804348	-0.24678321679954765	-0.17819615558843757	0.46003902826815984	0.04427211347911873	-0.4201583228374005
0.09011966458710564	-0.22574563579481033	-0.5007364608895776	-0.38404186968732185		-0.4321052863643986
0.08692349862715154	0.09683060627782882	1.4052802967495626	-0.2688323667028939	-0.07746491458959819	-0.16477579313761936
0.08508460862279438	-0.06095125125770119	0.1951493283154923	-0.21091092988381513		-0.33448152725807123
0.07543043609991927	-0.23626442629717898	-0.4650470325682273	-0.4231313608150542	-0.02437658655963141	1.228304891351146
0.07383235311994221	1.6115364386189168	-0.49777524476530066	0.42300438134601265	-0.14382532462705666	-0.6157001012354493
0.07361343764323303	-0.057444987756911634	0.2540833354947285	1.1147524162414653	-0.10698385560626075	-0.4958832389467033
0.06993565763451871	-0.33443980431928655	-1.9275394195934505	-0.16135947593828945		-0.13207760133663343
0.06295225392749568	-0.20821431829086254	0.5182122011679753	-0.3798579097988413	-0.04314056457022311	0.2050033262359495
0.05859583594098288	-0.6289659383856092	-0.20155686056884417	0.37710048217505976	-0.17494606864462336	-0.19642641867860253
0.051612432233959844	-0.9094670184487736	-2.5763554204701453	-0.26926974318038793		-0.04890201733315353
0.04657737626964857	-0.3519711218232343	-0.08428883117672854	-0.2336173709748492	0.5932328847889906	-0.03928559447447624
0.04436632995488579	0.9383338464673222	0.4011570696671475	0.25331881285106733	-0.06831175458443149	-0.2322143424262259
0.040009911968372995	-0.3765149663287612	0.387047745780887	-0.31756477130141425	-0.13215504562046915	0.39784968133578885
0.030093040873446872	-0.5342968238642912	-0.2470008831819301	-0.34761171006661684		0.3797055983043922
0.027378488962252964	0.28616883532046483	0.14045392460826028	-0.2804806100610602	-0.007900898550331378	-0.053845588447773436
0.024882852527768246	-0.6044220938800823	-0.06776021307128756	-0.1297198266040992	-0.17746318764604424	0.9522358706181638
0.0165859559604901	0.047742917266775056	-0.35573364256877704	-0.43735847491316165	-0.0355892075659606	0.008207999448122128
0.009668226896479825	-0.6324722018863987	-0.3640947233902647	-0.41100860524073873	-0.18981995365301924	-0.5269512293206062
0.004720737122852223	0.0512491807675646	1.2262525245302078	-0.31276394553193976	-0.027809021561568916	0.3590073368637753
-0.002415907417867238	-0.4466402363445523	-0.5014719263322085	-0.24497265461695816	-0.1637334476382942	1.9015015730882194
-0.002941304561969284	-0.7376601069100854	0.4734842896437669	1.3298591193048466	-0.0536666985761648	-0.48291224997453386
-0.0050647846860483875	0.39836926734573064	1.0635017638174995	5.113842345310306	-0.03719101056686477	-0.11018464354331671
-0.010099840650359664	0.8822336304546893	-0.4136612233528342	-0.423709027860801	-0.06190454258081482	0.5355634481002005
-0.022709372108808773	-0.15211410227822963	-0.4724791044095497	-0.45024251312990776	-0.17403075264410672	-0.484930874846337
-0.03411486844535736	0.10384313327940793	-0.4184998117911951	-0.4010417856050141	-0.13078207161969413	-0.46661612090741184
-0.04059476655594926	-0.23275816279638942	-0.018425965353759437	-0.4157145285669834	0.11109018151683556	-0.5826311416008668
-0.04355012549152327	-0.08900135926401763	1.2899089940252844	-0.34664824395817484	-0.04268290656996478	-0.23509220703937964
-0.05213161217852336	2.6248465903470986	-0.5373355438373397	-0.14552520959505064	-0.01247747855291472	0.5076558121174295
-0.053116731823714694	-0.4080713378358672	1.366745778426456	1.9920099704921421	-0.06533697758275234	-0.22857140133104767
-0.05613776540230146	-0.3519711218232343	0.035050114067005665	1.4330861572832119	-0.08730456159515236	0.395866367686233
-0.05675072873708718	0.12488071428414525	0.805101786855272	-0.148578592551141	-0.04680182857228979	-0.22068522836248733
-0.06233307339317142	-0.14860783877744008	0.3784544127143581	-0.3237024836624743	-0.03261443056428143	-0.11080847513635207
-0.06675516602269697	-0.5167655063603435	-0.7556332998224318	0.5253298461136945	-0.3726543247562238	-0.456681897048509
-0.07038916293606946	-0.4185901283382359	-0.5017235329310032	-0.3508858443580462	-0.236043411679111	0.35425797747151544
-0.0857351378533834	-0.18016421028454607	0.5842879648822323	-0.19881499456519505	-0.1657929086394567	-0.5314946065830902
-0.10416782099229685	0.18448719379756776	0.4348529995518931	-0.4040085185042424	0.05250995748376875	-0.21774262650854692
-0.11053826136453417	-0.0364074067521743	-0.40752589321299254	-0.46813781296850754	0.03237300547240204	-0.48316531373397276
-0.110582044459876	0.054755444268354145	-0.23906559814301814	-0.4076024327674244	0.11246315551761055	1.1874498072110373
-0.11587979899623829		0.02047628569066249	-0.3382514408289264		0.3590073368637753
-0.1221188900824501	-0.5307905603635017	-0.5322840575076909	-0.46169888850502244	0.046560403480410406	-0.6861636452299066
-0.125643429257468	-0.022382352749016076	-0.3590819457681228	-0.4646656214042508	-0.043369393570352285	-0.6835447295798995
-0.12997795569630988	-0.930504599453511	0.20083950831900477	-0.22509265585689964	-0.006299095549427209	-0.48826190014499754
-0.13070037676945018	-0.23626442629717898	-0.3540885224997343	-0.2752795435527468	-0.04497119657125645	-0.5410757182195202
-0.13091929224615936	-0.26782079780428497	0.7077493874754499	-0.2341785332478604	-0.19782896865754007	-0.09184046358585213
-0.135056794755963	-0.15211410227822963	1.4871492131266295	-0.2516570875748857	-0.010418017551752212	-0.3548678729021705
-0.13523192713733034	0.4684945373615217	-0.21541457785630988	-0.10941895613928226	0.009947763459743662	-0.5494268222810031
-0.14317855894187378	-0.3975525473334986	-0.891384737049086	2.958077643736617		-0.2015936275341219
-0.1433317997755702	0.09332434277703927	-0.3866231911592733	-0.32379325991252017	-0.07723608558946901	0.3167103778152357
-0.14429502787309062	-0.16263289278059828	-0.5704701974632355	-0.43743274639047197	-0.26647766869629025	0.6065448900209512
-0.146615531926208	-0.7797352689195601	-0.07230848620334684	-0.37400490476747084	0.7698888728887078	-0.6418657169206875
-0.15596322278169025	0.7735394619302132	-0.10215289969115707	-0.08398716445027839	-0.011333333552268884	-0.5600143037514808
-0.15714536635591986	-2.0279650752006417	-0.10823016676973841	-0.4427864820465898	-0.15869920963545253	-0.5002324044868272
-0.15788967897673106	-0.3905400203319194	-1.8007877568621475	-0.3364008431859446		-0.4434284182983613
-0.15889669016959332	-0.20470805479007298	0.24440615861800663	-0.3385980410563745	-0.15549560363364417	-0.45903597853166134
-0.158984256360277	-0.41508386483744636	-0.4581955913395082	-0.4071774348694821		0.5797201315204304
-0.16228988005858572	-0.425602655339815	-0.5340065949917474	-0.4400054278406373	-0.25068846768737774	0.5061374295607962
-0.166514948759073	0.11786818728256616	-0.49376889353833786	-0.4267830417828109	-0.023918928559373078	-0.16023241587513537
-0.1666462980450985	-0.26431453430349544	-0.3344244990862355	0.40930748307203707	-0.041996419569577274	-0.7589753855038083
-0.16866032043082302	-0.3204147503161283	-0.5785022542709146	-0.43796296221460385	-0.14634244362847748	-0.34721710808192535
-0.17603777199592258	0.5140759628717859	0.6706858000376051	3.1600795572479132	-0.007214411549943874	-0.3342402339060481
-0.18575761916181044	0.12137445078335571	0.2716764430566088	-0.2780564715655155	-0.042454077569835616	0.0381636863212356
-0.19287237215485897	-0.5623469318706077	-0.5056137580354454	-0.2824529304029672		0.2080165505343845
-0.19457991287319062	-1.221524470019044	-0.5896310076791448	-0.4772917725470027		-0.7827221824651075
-0.20821834707217293	0.0267053362620377	-0.3511273063754574	0.03042804634624769	-0.24977315168686104	0.4274699115975531
-0.2089188765976423	-0.9795922884645648	-1.1529781823806318	-0.2869814274223039		-0.6677311872168238
-0.2144355466107138	-0.5728657223729764	-0.3653527563842386	-0.3657277612405556	1.4774281412880923	-0.6016462347810299
-0.21872628995421384	-0.02939487975059518	-0.13188118705644664	-0.4156959606976558	-0.050691921574485634	-0.48636097934735206
-0.2225792023442955	-0.11354520376954454	0.03686942331982931	-0.29665735043856317	-0.03169911456376476	0.12478799969753367
-0.22415539377660165	0.15994334929204082	-0.5878504071338279	-0.39052618227582997		-0.13762146322945717
-0.23131392986499202	-0.1556203657790192	-0.4425572735067257	-0.3794370380940829		1.0144307034030486
-0.23148906224635937	-0.053938724256122075	0.008495940717280794	-0.42392771609954805	-0.049776605573968964	0.506943702468776
-0.23356875927509665	-0.06445751475849074	-0.03197401298117006	-0.4329908994279973	0.0264234514690437	0.4502279943359283
-0.23560467320849207	0.03371786326361682	0.03781778665374807	-0.35223304643259146	0.08729196550340215	-0.1400167411385647
-0.23783761107092577	-0.44313397284376277	1.2173108130961168	1.2614550887020548	-0.05114957957474396	-0.3739300477119965
-0.23825355047667324	0.07929928877388104	-0.5843472691044546	0.5920215065451653	-0.27974975070378194	0.852611142251157
-0.25156361146059175	-0.62195341138403	-0.7651749962228795	-0.46654303930292795	-0.3991984887712072	0.4178593739425837
-0.2538184408706963	0.4649882738607322	0.38513166475929617	-0.3866434344897745	-0.003781976548006367	-0.5824369298785067
-0.2546065365868494	0.633288921898631	0.09731307009183417	-0.058937045630785806	-0.10698385560626075	-0.7059026184661389
-0.25497869289725505	-0.2748333248058641	-0.6197270277657497	-0.3956488511136491		-0.049708290241133206
-0.2555478731366989	-0.001344771744278739	-0.44791842949642957	-0.45605631932603113	-0.0030954895476188638	-0.6141876038825239
-0.25653299278189023	-0.09952014976638629	0.152434269581642	1.0897373700640358	0.01589731746310201	0.004670992019685745
-0.2589191714780204	-0.5448156143666599	-0.5277164300218782	-0.42132821439368734	-0.07151536058623983	0.13235048646216055
-0.26675634554420924	-0.3835274933303403	-0.3107154157382669	-0.40740850168778087	-0.053209040575906474	0.22774375336320107
-0.2710470888877093	-0.3063896963129701	-0.4877496895210169	-0.446549570230312		-0.48257679336318465
-0.2768264574728318	-0.22574563579481033	-0.05517988313154913	-0.35483254813845216	-0.004697292548523032	0.2912509865749432
-0.27713293914022463	0.0021614917565108047	-0.35741747134532664	-0.3681601521224681	-0.05572615957732731	-0.19909241595827254
-0.2788404798585563	-0.22223937229402074	-0.44712490099253843	-0.4630502167727516	-0.06854058358456067	-0.6002808675208015
-0.28008829807579866	-0.4466402363445523	0.9775297244447022	1.3040807273883945	-0.05183606657513146	-0.4576470704566014
-0.28904194107320436	-2.5188419653111795	-2.3998630685924915	-0.36404014822833813		-0.5347314686224247
-0.290224084647434	-0.425602655339815	0.9721298597474914	0.35505423199345065	0.22161458857922328	1.1245252091663753
-0.29044300012414315	0.43693816585441575	-0.49729138592146455	-0.359002066350789	-0.19920194265831512	0.283258879939641
-0.2912310958402962	-0.14159531177586096	-0.2544910180845128	-0.35848835529939277	-0.14382532462705666	-0.0795639286512127
-0.29670398275802584	-0.3519711218232343	0.671943833031579	-0.32259047459941165	-0.08089734959153569	-0.19832145427254014
-0.2984990896670412	0.22305609230625284	-0.13114572161381582	-0.4072537694433844	-0.01659640055523973	0.12061539026864615
-0.3020236288420591	0.030211599762827276	-0.4332478293513193	-0.4435374492060607	-0.025520731560277246	0.12400526760438552
-0.3033371217023142	0.5666699153836293	-0.4844981580904383	-0.440193169630505	-0.03055496956311892	-0.3418733431151696
-0.30679598623431936	0.07929928877388104	-0.4031518092647143	-0.42623632118594335	-0.07334599258727319	-0.2589390524637128
-0.3073651664737632	-0.16613915628138787	0.41654378090113525	-0.27489168139345965	-0.033529746564798096	-0.11877704095682273
-0.30959810433619694	-0.3835274933303403	-0.5868246263848954	-0.31979291562072343	-0.2744866837008111	0.7046100394053697
-0.3173258206640312	0.9488526369696909	-0.4911560557816229	0.13351066756317628	-0.06922707058494816	-0.5399869555335622
-0.32025928805193427	-0.5483218778674495	-0.3807201132644729	0.08987617464337162	0.6863662878415617	-0.7219868801997772
-0.3217041301982149	2.596796482340782	-0.4825433683613405	-0.4609685523114711	0.07813880549823547	-0.6091086730826227
-0.3224046597236843	-0.27132706130507456	0.9556399503495574	1.2362069126097348	-0.05687030457797314	-0.4776803038782278
-0.3242216581803705	0.2265623558070424	-0.5093104396023532	-0.23805096555095606		-0.5002324044868272
-0.33028561688521496	-0.3063896963129701	-0.37617184013241367	-0.4156526356692248	-0.1330703616209858	-0.3203923495814045
-0.3314020858164318	0.0512491807675646	-0.6459908858091729	-0.34772105418599036		-0.07563849777805619
-0.3314677604594446	-0.10302641326717585	-0.04449627985964813	-0.28966138989525075		-0.5395691060703027
-0.33227774772326857	1.5729675401102317	-0.1636416815658479	0.6061970432284739	0.010863079460260326	-0.5855678582510994
-0.33236531391395224	-0.3414523313208656	0.8025083034523106	1.2476715403712173	-0.059387423579393986	-0.4430282244462254
-0.3332628673684599	-0.08198883226243851	-0.24005267018444376	-0.19962372842924062	-0.13696045462318163	-0.21755429998989473
-0.3335474574881819	-0.22925189929559986	-0.07339233001353968	-0.3968536995233496	-0.20354969366076928	-0.0688469726991617
-0.3358679615412992	-0.17315168328296698	-0.5266132318579319	-0.09457703925677283	-0.15229199763183585	-0.5866271949185179
-0.3417130047694345	-0.1310765212734923	0.16737583067930054	-0.30586495052844914	-0.08227032359231069	-0.3884135340370912
-0.34475592989569215	0.005667755257300379	-0.22996905187889957	-0.38017150048081816	-0.07998203359101902	-0.5473140341498739
-0.34539078477814883	-0.2502894803003372	0.2550510531824007	-0.396880519779045	-0.06304868758146065	-0.29568626441572077
-0.3505571900284856	-0.19068300078691477	-0.3536433723634051	-0.47405064780104467	0.029169399470593698	-0.05295692268788343
-0.3523085138421591	0.6823766109096846	-0.5768958429093788	-0.3350639565943591		0.5558556304849736
-0.3527682363432484	-0.09250762276480719	0.3394360355474154	-0.39092848611126074	-0.053209040575906474	-0.017645700440598395
-0.35598629385087344	1.0926094405020628	-0.7022152834629269	-0.45502683412664663		-0.07872234452098574
-0.3567743895670265	0.08280555227467061	-0.21533716044129614	-0.4252315931456623	-0.05046309257435646	0.027670368110084064
-0.36183133707900866	0.5491385978796814	-0.40746783015173216	-0.4392606499709423	-0.08295681059269819	0.016606185139268086
-0.3695152703115011	-0.7902540594219288	-0.6042822534705017	-0.34851534637389225	-0.29142002971036945	-0.22715895244115628
-0.37452843472814146	-0.26080827080270585	-0.39661003769605024	-0.2435284870025911	0.163720851546544	-0.49434720077894634
-0.3750100487769017	0.8191208874404773	-0.42573834009498307	0.14803693066711693	-0.14794424662938166	-0.610527007176222
-0.38238750034200125	-0.1556203657790192	0.5658819744627073	1.178681590336311	-0.06076039758016898	-0.4630908838863912
-0.3838980171312946	0.268637517816517	-0.4322801116636471	-0.4720246869477469	0.044729771479377074	-0.4272558785091048
-0.3853647508252462	-0.6044220938800823	-0.18818300212521452	-0.44095238917634366	0.4030759856816528	-0.6640941313253533
-0.38591203951701913	-0.20120179128928342	-0.34483714140558824	0.05654478610377994	-0.07952437559076068	-0.7195327502535909
-0.38757579714000895	-0.2923646423098119	0.8405202542240741	1.271966565838055	-0.005841437549168868	-0.5861563786218874
-0.38840767595150383	-0.3800212298295508	-0.759310627035586	-0.3721398654483454	-0.41109759677792385	0.441400188774107
-0.3891082054769732	-0.053938724256122075	-0.3530820961045552	-0.35206180941545934	-0.2621299176938361	-0.20420665798042098
-0.3912754686963942	-0.6184471478832406	-0.6079402263299025	-0.2049196973807838	-0.3094975207205736	0.05704341981611733
-0.39212923905556	-0.5448156143666599	-0.3987390166089291	-0.33962958935235094	-0.09256762859812322	-0.6062131528583453
-0.3961135007316672	-0.1871767372861252	-0.22031122935593114	-0.21192391031046404	0.03145768947188537	0.40138080356051736
-0.39790860764068253	0.2896750988212544	-0.3812813895233228	-0.2849905392110693	-0.05755679157836065	-0.5538642658767453
-0.4008639665762565	0.03371786326361682	-0.3024898153930533	0.5767628441510814	-0.0028666605474897016	-0.712117393581661
-0.40204611015048614	-0.1556203657790192	-0.10687536200699736	-0.35507805663289455	0.034661295473693704	1.7420302082157724
-0.4021336763411698	-0.26782079780428497	1.1314161911383336	-0.27119873849386394	-0.07906671759050236	0.011780318098805798
-0.40333771146307035	-0.3169084868153388	-0.430576928533344	-0.43002416652876896	-0.047945973572935625	-0.09684877194125872
-0.4056144324208459	0.20552477480230508	-0.28607732341013303	-0.3589030377143753	0.29712815862184844	-0.3713464432842368
-0.40576767325454227	-0.5413093508658704	-0.2491298620948089	-0.4564792541273815	0.04747571948092707	-0.11769416347457266
-0.4077816956402668	-1.0602363489827247	-0.04796070918151458	2.589144395680633		-0.08650258382280421
-0.4115470418396648	0.10033686977861839	-0.4581955913395082	-0.08226035260281378	-0.027122534561181414	0.01612948363892974
-0.41235702910348876	-0.6640285733935047	-0.15454513530172934	-0.4468384037531854		-0.5633335586427255
-0.4128824262475908	-0.2818458518074432	-0.15332581101526235	-0.41982421697815364	-0.21361816966645264	-0.2707094598794745
-0.41336404029635104	-0.07147004176006985	-0.22803361650355522	-0.2785639933271359	-0.08616041659450653	-0.533925195714445
-0.41439294303688423	-0.6009158303792929	0.017766676165180368	-0.40519067285143145	0.22298756257999827	-0.6283709448185167
-0.4153123880390628	0.10734939678019748	-0.19822791172325183	-0.4560810764851346	-0.053209040575906474	0.12624753021708812
-0.4200190707883103	-0.36599617582639254	0.038127456313803154	1.3960123115258174	-0.1687676856411359	-0.4391027935730689
-0.4201285285266649	-0.6570160463919257	0.07453299572403091	1.0750378068463713	-0.02506307356001891	-0.2640827205044006
-0.42043501019405777	-0.20470805479007298	-0.5110136227326562	-0.44425334372346836	-0.05389552757629397	0.3590073368637753
-0.4223833579367695	0.09332434277703927	-0.43462198846781375	-0.40112224637210026	0.06440906549048543	-0.30173625382742225
-0.42255849031813686	1.3520729395604898	-0.5553544471817958	-0.4949683841468555	-0.023690099559243907	-0.7866770393568033
-0.4274403054487517	-0.37300870282797166	-0.47526613135004564	-0.4742156955284009	-0.10126313060303158	0.3663697267023342
-0.4301548573599456	-0.14510157527665052	-0.19168614015458782	0.2457286804892725	-0.019113519556660564	-0.5421821365166019
-0.4367879963042339	-0.5798782493745555	-0.9665957557349686	-0.3765445766721649	-0.8449573810228248	-0.272263153658355
-0.43772933285408344	-0.520271769861133	0.3293911259493782	-0.32832794622163275	-0.06648112258339817	-0.5826252563971589
-0.4408817157186957	-0.23626442629717898	-0.4346413428215672	-0.4268016096521385	0.13031181752768556	-0.09417100425417295
-0.44105684810006307	-0.32742727731770743	-0.2940706715103053	-0.4120174594742037	-0.08730456159515236	-0.2620170140029345
-0.4447346281087774	-0.1871767372861252	-0.39719066830865357	-0.16197015252950753	-0.0021801735471021987	-0.6706737890707641
-0.44670486739916004	-0.2117205817916521	-0.21119532873805916	-0.4271420205898107	-0.045428854571514785	-0.1572662732063634
-0.44904726299994835	-0.14860783877744008	0.9259890803992816	1.3143817686720156	-0.059387423579393986	-0.34421565419090616
-0.4513677670530657	0.04073039026519594	0.204516835532159	-0.4601185565155865	0.02413516146775203	1.4713108376532538
-0.45821982147406326	-0.5974095668785032	-0.21976930745083473	-0.36153761206229923		-0.6450319565155274
-0.458810893261178	0.4544694833583635	0.021153688072033022	-0.255983401128211	-0.032843259564410594	-0.445617714077693
-0.46283893803262705	0.019692809260458584	-0.19925369247218436	-0.46660699529727845	-0.048174802573064786	0.3354665220322519
-0.46461215339397144	0.07929928877388104	-0.5224133370934346	-0.4883582226662383	0.009490105459485329	1.2800417171471266
-0.46557538149149186	-0.2818458518074432	-0.496304313880039	-0.4517320688692978	-0.12574783361685246	-0.09003370604753272
-0.46566294768217553	-0.19769552778849386	-0.3603206244083432	-0.4772525737117556	0.008574789458968656	-0.1706609968455002
-0.47036963043142305	-0.08549509576322807	-0.5098330071536962	-0.4114872436500718	-0.10561088160548573	0.20701018070033686
-0.47144231626729804	-0.7586976879148228	-0.5003880825220156	-0.41849764586952787		-0.6075373236926185
-0.4726025682938568	-0.32392101381691785	-0.22377565867779758	-0.42114666189359545	-0.059387423579393986	-0.009994935620353305
-0.47271202603221135	-0.22223937229402074	0.45536861453054345	-0.1748253073939663	-0.04451353857099812	-0.456681897048509
-0.4736314710343899	-0.26431453430349544	0.30227567634080343	-0.31847872309164943		-0.488291326163537
-0.47437578365520117	-0.025888616249805634	-0.4819433833949837	-0.4201274921771707		0.35146250571027204
-0.4745509160365685	-0.5378030873650808	-0.2622327595858903	-0.4022033089862836	-0.07723608558946901	0.28874388979538596
-0.48033028462169103	1.5028422700944406	0.23170970255574747	-0.23294686458246447	-0.22048303967032765	0.918101689112455
-0.48271646331782114	-0.5728657223729764	-0.6211011868822442	-0.43905434031174695		-0.03943272456717326
-0.4867007249939283	0.09332434277703927	-0.14651307849405018	-0.47605597768842295	-0.053209040575906474	0.5944154851790089
-0.4869196404706375	-0.09250762276480719	-0.5045686229327595	-0.46404669242666485	-0.05892976557913565	-0.43885561501733794
-0.49134173310016305	-0.18367047378533566	-0.08465656389804391	-0.4313754947964981	-0.062362200581073154	-0.6149997619942115
-0.4933776470335585	0.5982262868907353	-0.36508179543169034	-0.44081828789786676	0.036034269474468715	-0.20368287485041958
-0.4941219596543697	0.08280555227467061	-0.5905213079518031	-0.4787173722920422	-0.2786056057031361	-0.37411248902694083
-0.498347028354857	-0.06095125125770119	-0.5956889204039726	-0.4086587382225043		0.000798527979900153
-0.4986972931175917	0.0021614917565108047	-0.27711625762228853	0.6058194965521465	-0.04748831557267729	-0.6222679885734442
-0.5008207732416708	-0.36599617582639254	-3.11473547882969	1.367537452363683	-1.8714842756022687	-0.09616020310743667
-0.5025283139600024	-0.20470805479007298	-0.22787878167352768	0.7923708796863072	-0.08089734959153569	-0.4272558785091048
-0.5034039758668392	0.6087450773931039	-0.231033541335339	-0.43678906025378267	0.20971548057250658	-0.4323230389015902
-0.5043890955120306	0.04423665376598548	0.13640886467379054	-0.4584948994977195	-0.02117298055782307	-0.372523484025813
-0.505877720753653	-0.41508386483744636	-0.01236805262893151	-0.2704642761071287	-0.02918199556234392	-0.6215323381099591
-0.5063374432547423	-0.6605223098927152	0.7079235766592309	0.9303177702106484	-0.0802108625911482	-0.5230140280400339
-0.5074320206382882	-0.4466402363445523	-0.4941559806134067	-0.42188318737692265	-0.13421450662163162	-0.10951373032061829
-0.509095778261278	0.012680282258879497	-0.2503685407350293	-0.4015781907189218	-0.01659640055523973	0.5818976568923463
-0.5105625119552296	0.01618654575966904	-0.20496322682945026	-0.38767910897893487	-0.0376486685671231	0.21397826189046779
-0.5142402919639439	0.0267053362620377	-0.6405523124044552	-0.37028720470877163		-0.06143750123093972
-0.5163856636356939	1.6010176481165483	-0.13284890474411884	-0.10160394624896453	-0.06510814858262316	-0.26335295524462343
-0.5196256126909898	-0.14510157527665052	-0.5873665482899918	-0.46940455427596667		-0.6387700997703422
-0.522274489959171	0.41590058484967835	-0.2940900258640587	-0.2816957739537205	-0.019800006557048066	-0.5094721743082001
-0.5233909588903879	0.4755070643631009	-0.4472990901763194	-0.30528728348270234	-0.08135500759179404	-0.33883069279819517
-0.5242447292495537	2.1444884907389294	0.20898769124920458	-0.17298296213735231	0.04976400948221874	-0.6061660712286823
-0.5250984996087196	0.5245947533741546	-0.3463467809983568	-0.4412618536651366	0.7264113628641661	-0.4313048986601268
-0.5266309079456838	0.06878049827151238	-0.37183646489164224	-0.2655788633773841	-0.16968300164165254	-0.586179919436719
-0.5267841487793803	-0.17315168328296698	-0.019393683041431627	-0.4348188030084676	-0.055954988577456476	-0.20714925983436142
-0.5272219797327986	0.16695587629361996	-0.11043656309763103	-0.3933505615102135	-0.13810459962382748	-0.16242171165446703
-0.5285792556883956	-0.17315168328296698	-0.32325703697049846	-0.4117327521445142	-0.10995863260793992	0.3747384863749408
-0.5304619287880946	0.09683060627782882	-0.5285486672332762	-0.4799057159290071	0.052738786483897925	-0.681790938874951
-0.5310530005752094	0.03722412676440636	-0.31220570097728206	-0.41998101231914203	0.4872850577291863	-0.38081573605021707
-0.5364383213022553	-1.593188401102737	-1.8270903236130775	-0.2572253852765667	-1.0490728491380419	-0.630725026301669
-0.5376861395194977	-0.07848256876164897	0.6949948683519306	1.309314803442179	-0.04497119657125645	-0.3105346333707041
-0.5411668955991737	0.33175026083072906	-0.08697908634845715	-0.45148449727826345	-0.12025593761375244	-0.5728087366124137
-0.5415609434572504	-0.22925189929559986	-0.11881699827287212	-0.4368220697992539	-0.04634417057203146	0.05660202953802627
-0.543531182747633	-0.614940884382451	-1.1236950451516714	1.1621788806972795		-0.5110023272722491
-0.5436625320336586	0.18098093029677814	-0.31189603131722693	-0.4263044033734778	-0.059387423579393986	0.0864164715221506
-0.544603868583508	0.07929928877388104	-0.46996303842160203	-0.4223411948203362	0.2275641425825816	-0.4329115592723783
-0.5478657091864748	0.3142189433267813	0.48674202196487587	3.2103922938358695	-0.055954988577456476	-0.4403269159443081
-0.5478657091864748	-0.4010588108342881	2.021716463796746	-0.385087859659442	-0.11339106760987742	-0.7356405528020608
-0.5488070457363243	-0.5868907763761345	-0.509213667833586	-0.4669082073997036	-0.15984335463609836	-0.7170609646962809
-0.5494856837141229	-0.0118635622466474	-0.3396114658921584	-0.4679748283377433	-0.039936958568414775	-0.7097750825059245
-0.554017234082003	-0.17665794678375654	0.38608002809321484	-0.4347486577243412	-0.04497119657125645	-0.24961688979042954
-0.5561844973014239	-0.32742727731770743	-0.5290131717233589	-0.42717915632846587	0.13374425252962308	0.06274029700534599
-0.5569944845652479	0.34226905133309776	-0.32526988976085663	-0.43389453573527265	0.10765774651489804	-0.27790117881050486
-0.5590960731416561	-0.1941892642877043	-0.5201682320580351	-0.4185182768354474	-0.0921099705978649	-0.3882664039443942
-0.5594244463567198	-0.4676778173492897	-0.5231681568898189	-0.4537002630180209	0.2845425636147442	-0.5818425243040107
-0.5620295405295592	0.8752211034531102	-0.30312850906691696	-0.3070718620347416	0.01360902746181034	-0.16196266576525234
-0.5637370812478909	-0.001344771744278739	-0.4238029047196387	-0.455887145405491	-0.10721268460638991	-0.5011210702467171
-0.5675024274472888	-0.28885837880902226	-0.5068137279681589	-0.2425464530248215	0.061205459488677096	-0.03916789040031862
-0.5698010399527353	0.21253730180388417	1.3990288404872004	-0.3818735551691793	-0.037419839566993934	-0.5121911384212411
-0.5703483286445082	0.35629410533625594	0.17937553000643564	-0.29836146822351634		-0.35862263286779844
-0.5713334482896996	-0.008357298745857857	0.16853709190450714	-0.36654268439437704	-0.049776605573968964	-0.6414772934759673
-0.571749387695447	0.4229131118512576	-0.5837279297843444	-0.4203461804159177		0.26889898289241176
-0.5727782904359803	0.20552477480230508	-0.30560586634735776	-0.4449341655988128	0.06349374948996876	-0.4178866342061585
-0.5742888072252736	-0.5413093508658704	0.15111817352640777	-0.4542738038705838	-0.08799104859553987	-0.7120997379705374
-0.5782292858060389	-0.12055773077112364	-0.28139356980179964	-0.4323513394844919	0.22802180058283994	-0.11339207956411176
-0.5782292858060389	6.758731257777986	0.09034550274059441	-0.19509729450649588		-0.2501112469018915
-0.5819508489100951	1.3240228315541733	0.09344219934114541	-0.29677701004089646	0.018643265464652007	-0.21175737433763211
-0.5826951615309064	-0.07497630526085941	-0.4329962227525245	0.014047059406141356	-0.05435318557655231	-0.7553795260382931
-0.5876645428522048	-0.08900135926401763	0.07341044320633114	-0.425111933543329	-0.06922707058494816	-0.2628762537442851
-0.5896128905949166	-0.018876089248226518	-0.5699669842656458	-0.18760000149133887	-0.2738001967004236	0.1289252979041739
-0.5941225494151259	0.2651312543157275	-0.5395032314577255	-0.47438074325575713	-0.04497119657125645	-0.6959448537924044
-0.5957206323951029	-0.520271769861133	-0.5215230368207762	-0.27133283977234085	-0.21613528866787346	-0.15889058942973852
-0.5958957647764702	0.5806949693867876	0.21460045383770326	-0.1208113755200464	0.06990096149358546	-0.6709033120153716
-0.5965525112065978	-0.23977068979796853	-0.3536240180096517	-0.47711640933668675	0.08980908450482299	-0.7272717931294542
-0.5967933182309779	-0.20120179128928342	-0.45713110188306877	-0.37361910570477563	-0.09348294459863989	-0.3313035172558156
-0.6019378319336438	-0.2783395883066537	-0.421809406283034	-0.45274092310276276	1.246997338158021	-0.30499077147788034
-0.6037548303903301	-0.07147004176006985	-0.31870876383843916	-0.474386932545533	-0.04382705157061061	2.3139543045476323
-0.6043459021774449	-0.9164795454503528	-0.9178227842762903	-0.3418061562568613	-0.47036430781137817	-0.2000870153849044
-0.6047399500355214	-0.06095125125770119	-0.3398437181371997	-0.3757296535183435	-0.03055496956311892	-0.5963613218513528
-0.6064255992061821	-0.6044220938800823	-0.5004848542907828	-0.4650287264044345	-0.09279645759825239	-0.24306077285985028
-0.6066664062305622	-0.5378030873650808	0.46872311862041965	0.8220423348717742	-0.08432978459347319	-0.5809773993589523
-0.6074326103990444	-0.06095125125770119	-0.498007497010342	-0.46473989288156103	-0.028953166562214753	-0.3563332886254328
-0.6081112483768428	1.7412681881481307	1.3861194865336532	-0.3686160964692897	0.3497588286515569	-0.6882764333610357
-0.6083958384965648	-0.05043246075533252	-0.007974614326899816	-0.2958217963188222	-0.0836432975930857	-0.6067545915994704
-0.6107163425496821	0.17747466679598858	0.1346669728359806	0.23395665133558902	-0.07220184758662734	-0.5102372507902246
-0.6149414112501694	-0.35898364882481343	-0.058102390548319116	-0.4028552475093407	-0.2081262736633526	-0.6620755064535503
-0.6151822182745496	-0.527284296862712	-0.539309687920191	-0.2661833506788263	-0.2090415896638693	-0.05851255498812294
-0.6153354591082459	0.24058740981020063	-0.23947203957184043	-0.36127147260193726		-0.25362471351549637
-0.6153573506559169	-0.425602655339815	-0.21676938261905093	-0.4115780199001177	-0.0003495415460688599	0.05827931259477231
-0.6156857238709806	-0.043419933753753415	-0.2794000713651949	-0.428575872721218	-0.05870093657900648	0.14163145270948863
-0.6192102630459986	0.24058740981020063	-0.24698152882817664	-0.19876341715039625	-0.10492439460509824	-0.6123867315479123
-0.6217277910281542	-0.5483218778674495	-0.566831578957588	-0.49146937232690335	-0.11819647661258993	-0.7591813676335841
-0.622603452934991	0.02319907276124816	-0.5651090414735315	-0.48346662064671786	-0.14565595662808997	-0.6319962303025712
-0.6226910191256746	-0.2502894803003372	-0.5093297939561067	-0.42006766237600407	-0.09005050959670238	0.13080856309069577
-0.6229975007930675	-0.898948227946405	-0.541187060234275	0.7248374758453197	-0.2721983936995194	-0.5869626515298672
-0.6289738933072283	-0.17315168328296698	0.7571029895467315	-0.42660974166908683	-0.05206489557526064	-0.3207336913964616
-0.6298714467617359	-0.42910891884060454	-0.29637383960696506	-0.38301651068112125	-0.10423790760471074	-0.45452202728771673
-0.6311192649789783	0.23708114630941107	-0.09487566267986224	-0.35613848828115835	0.0030828934558686473	-0.2834568111107444
-0.6331551789123737	-0.06095125125770119	-0.6732805246015285	-0.3002553908949291	-0.5122400148350157	-0.7007942616476983
-0.6333084197460701	1.397654365070754	0.11163529186938254	-0.2540750367806545	1.0268638400337624	-0.5473140341498739
-0.6375772715418992	0.36330663233783506	-0.4105451723985297	-0.14687241166959591	-0.10675502660613156	-0.573338404946123
-0.6388250897591417	-0.17665794678375654	-0.5535544922827256	-0.4862724320117739	-0.11613701561142745	-0.7326979509481203
-0.6391096798788636	0.08631181577546015	-0.2486847119584797	-0.05049485437651438	0.09415683550727717	-0.757509969780546
-0.6391753545218763	-0.37300870282797166	-0.49328503469450175	-0.47944770848559354	-0.08135500759179404	-0.6844392805434975
-0.6414958585749937	2.4144707802997254	-0.7552655671011163	-0.4049410381638051	-0.35503449174627794	-0.1842734730218286
-0.6423715204818304	-0.20821431829086254	-0.28921272871819087	-0.37057603823164503	1.5350930493206425	-0.7430971058999458
-0.6424371951248432	-0.5623469318706077	-0.3030123829443963	-0.40012577071818695	-0.07952437559076068	-0.6872112114899093
-0.6432690739363381	-0.5132592428595538	0.2215486668351895	0.9414811858697058	-0.12025593761375244	-0.5146276127563038
-0.6438820372711238	-0.551828141368239	-0.5525093571800396	-0.4382703636068049	-0.2554938766900902	-0.13261904007775846
-0.6445168921535804	0.06176797126993326	-0.3991841667452583	-0.4488684907996671	0.01566848846297284	0.6728652506050604
-0.6456552526324683	-0.5974095668785032	-0.2702261076860626	-0.37567807610354464	-0.231924489676786	-0.2589390524637128
-0.6458741681091774	0.6753640839081055	-0.44242179303045154	-0.06537803319086288	-0.09645772160031905	-0.38531203168303807
-0.6464214568009504	-0.1941892642877043	-0.4338284599639226	-0.45371883088734843		-0.7348225094866653
-0.6479757566855856	-0.06095125125770119	0.4465043205114662	0.8771724020019407	-0.06648112258339817	-0.26540689133867384
-0.6488295270447514	-0.32742727731770743	-0.47151138672187753	-0.4616823837322868	-0.15206316863170666	0.08416832370574012
-0.6488952016877642	-0.022382352749016076	-0.4253512530199142	-0.3549398291612337	-0.034445062565314766	-0.5707371449072396
-0.6492235749028279	-0.1310765212734923	-0.409596809064611	0.02866409876012793	0.020931555465943677	0.6262367816275205
-0.6498146466899427	0.24759993681177972	0.08318439185182022	-0.4588930771399664	-0.03261443056428143	0.167443956172254
-0.65189434371868	0.268637517816517	0.5608498424868119	-0.3662682925476473	-0.019342348556789735	-0.6120512749365631
-0.6520694761000474	-0.8533668024361408	-0.6328879883180916	-0.4200882933419236		0.16798539491337902
-0.6561413039668382	-0.20120179128928342	-0.5632703778669543	-0.43102683147245807		-0.633491072044373
-0.6597534093325398	1.4853109525904928	-0.49518176136233927	-0.017140771774411222	-0.231924489676786	-0.7515188324059232
-0.6631684907692031	-0.828822957930614	-0.5932502718310387	-0.4217511491950377	-0.314074100723157	0.4462084002034457
-0.6634092977935832	-0.057444987756911634	-0.4365767781969116	-0.48066287237825384	20.332251264931077	-0.5943956638129206
-0.6668243792302465	-0.21522684529244163	-0.17802196640465656	-0.44307944176264713	0.010634250460131164	-0.41556197874154555
-0.6741361561523334	-0.26782079780428497	0.31572695219944685	-0.43863140551039664	-0.04725948657254812	1.4183440042823263
-0.6747053363917772	-0.001344771744278739	-0.5425418649970161	-0.45293485418240637	-0.19279473065469843	-0.1546002759266934
-0.674749119487119	-0.5798782493745555	-0.10493992663165298	-0.42018732197833736	0.010405421460001995	-0.5178880156104697
-0.6748804687731446	0.23708114630941107	-0.5293809044446743	-0.49006646664437536	-0.06510814858262316	-0.7195209798461751
-0.676631792586818	-0.0118635622466474	-0.1655190538799319	-0.449792758072862	-0.03101262756337726	-0.3942987377449721
-0.6787552727108971	0.633288921898631	-0.2717744559863381	-0.17290043827367418	-0.12277305661517326	-0.4608015396440256
-0.6789304050922644	1.6045239116173378	-0.20341487852917475	-0.19593903791601266	-0.07929554659063151	-0.7393482311380257
-0.67906175437829	0.04423665376598548	0.1890333525294041	-0.4062985557213102	-0.012706307553043882	-0.2931732824324556
-0.679871741642114	-0.9059607549479841	-1.2909747246426857	-0.3174286069263454		-0.7103341768581731
-0.6815354992651038	-0.6570160463919257	-0.589166503189062	-0.43910798082313773		0.07202126325267406
-0.6819076555755094	-0.2432769532987581	-0.22317567371144084	-0.4070123871421259	0.022075700466589514	-0.20487168599941152
-0.6830022329590554	3.529462573550804	-0.5734120592337588	-0.4266819500498052	-0.2754019997013278	-0.7068148250408604
-0.6858481341562748	-0.716622525905348	-0.6120046406181257	-0.4427534725011186		-0.22559348825485995
-0.6862421820143513	-0.0364074067521743	-0.1633900749670531	-0.44063673539777487	-0.04016578756854395	-0.41783955257649547
-0.6864392059433896	0.1389057682873035	-0.16350620108957375	-0.4519899559432919	-0.03398740456505643	-0.0446117038301084
-0.687139735468859	-0.12055773077112364	-0.3865070650367526	-0.4024116817420708	-0.11293340960961909	-0.6083141705820588
-0.6875118917792645	-0.3835274933303403	-0.35281113515200707	-0.44408004360974435	-0.08295681059269819	-0.34133190437404454
-0.6876432410652901	-0.6745473638958734	-0.4492538799054172	-0.46055386989648855	-0.17494606864462336	-0.751483521183676
-0.6905767084531932	-0.49923418885639564	-0.544109567651045	-0.29296234444237546	0.02001623946542701	-0.21720707297112976
-0.6907518408345605	-0.23977068979796853	-0.5294583218596881	-0.47665633879668123	-0.11934062161323576	0.38843335540317947
-0.6915837196460555	-0.07848256876164897	-0.4901302750326904	-0.47332856399386114	-0.04382705157061061	-0.6785540768356166
-0.6922842491715249	2.1515010177405087		-0.49235856695803504		-0.7158133015102102
-0.6927220801249432	-0.5413093508658704	-0.5425225106432626	-0.4804194269804034	-0.07334599258727319	-0.40766992056927737
-0.6952614996547698	0.24409367331099016	-0.560502705280212	-0.4526460206595329	-0.19027761165327758	-0.7283782114265358
-0.6975163290648744	-0.3975525473334986	0.5128510451782714	-0.39461523972108065	-0.03650452356647727	-0.6091086730826227
-0.6975820037078871	0.18098093029677814	-0.5361355739046262	-0.47937962629805914	-0.06007391057978149	-0.7108226487659273
-0.6983263163286983	1.5203735875983884	0.6646859503740375	-0.35092091700010936	-0.1518343396315775	-0.4937763360192819
-0.6996617007366244	-0.44313397284376277	-0.36986232080879095	-0.45096253384049934	-0.08432978459347319	-0.22682938103351494
-0.6999900739516881	0.2756500448180962	-0.3917714492576893	-0.43367172130334175	-0.09805952460122323	-0.6019228393553002
-0.7015662653839942	-0.1941892642877043	-0.1748091436815849	-0.22873814753488048	-0.10927214560755243	-0.619125289793436
-0.707017260754053	-0.2187331087932312	-0.2326012439893679	-0.44754191969104135	0.043127968478472896	-0.16681207362054615
-0.7086810183770429	0.8191208874404773	-0.25578775978599355	-0.32701787988574266	-0.015452255554593895	-0.23274989596364307
-0.7086810183770429	-0.18367047378533566	-0.42457707886977647	-0.41708236160744816	-0.09851718260148157	-0.3558977835510496
-0.709162632425803	-0.6780536273966631	-0.10492057227789955	-0.39495565065875293	-0.055954988577456476	-0.7485880009593986
-0.7096004633792214	-0.4010588108342881	0.08589400137730235	-0.37363973667069517	-0.0005783705461980303	-0.4372607248125022
-0.7098412704036016	0.054755444268354145	0.9032283603852318	-0.34248697813220574	-0.029410824562473084	-0.6756114749816762
-0.7106074745720837	-0.3134022233145492	-0.43100272431591974	0.9390343533116495	-0.08982168059657321	-0.5530285669502262
-0.7106731492150964	1.320516568053384	-0.9246935798587629	-0.32767600769857563		-0.4959244353726584
-0.7108920646918057	-0.025888616249805634	-0.6164754963351712	-0.4141032501286681		0.15891041079582677
-0.7114174618359077	-0.19068300078691477	-0.5507094022809693	-0.4841825151641256	0.002396406455481144	-0.6414772934759673
-0.7123806899334281	-0.7551914244140332	-0.590734205843091	-0.4346496290879274		0.009961790153070619
-0.7124244730287699	0.09683060627782882	-0.4654728283508031	-0.4827816725781895	-0.025520731560277246	-0.5986330104825948
-0.7124682561241118	1.232859980533645	0.6059261323785823	-0.38510642752876956	0.024821648468139525	-0.5604086123999088
-0.7131468941019102	-0.47469034435086876	-0.4400799162262849	-0.46012474580536233	-0.07494779558817734	-0.49967919533828636
-0.7140444475564179	-0.14860783877744008	-0.5254519706327252	-0.4343566693718701	-0.24405242668363186	-0.4074345124209621
-0.7152484826783184	0.04423665376598548	0.5482695125470735	0.4174298943545558	-0.05481084357681064	-0.3696338490052435
-0.7180068176848542	0.0021614917565108047	-0.16700933911894705	-0.48060097948049524	-0.08341446859295654	-0.11424543410175449
-0.7192984189974384	0.12488071428414525	-0.07668257015162512	-0.23480777770840602	-0.04382705157061061	-0.7285076859081092
-0.7210935259064537	-0.22925189929559986	-0.45444084671134016	-0.47011013331041457	-0.08432978459347319	1.7161000006788494
-0.7235234876979256	-0.02939487975059518	-0.570799221477044	-0.4619155136471775	-0.10927214560755243	-0.43341180158754816
-0.7270042437776018	-0.5588406683698182	-0.35497882277239273	-0.4696913247022481	0.0410685074773104	-0.7712519204384477
-0.7278799056844385	-0.23977068979796853	-0.5047041034090336	-0.48731635888730207	-0.05709913357810231	-0.6993111903133123
-0.7283615197331986	0.07228676177230192	-0.537083937238545	-0.45780788833259917	-0.019571177556918902	-0.6804314568184306
-0.7285147605668951	-0.5798782493745555	-1.0211750333196798	-0.4833222038852812		0.03532113293032915
-0.729062049258668	-0.8638855929385095	-0.511265229331451	-0.45960071927100626	-0.10286493360393574	-0.5615032602895746
-0.7307476984293287	-0.27132706130507456	1.3732681956413666	-0.3328234336954982	0.31131555662985677	-0.6583560577101696
-0.7318203842652038	0.11786818728256616	-0.3491725166463596	-0.4785564507578699	-0.0383351555675106	-0.07649773751940679
-0.7328273954580661	-0.7692164784171914	-0.20434388750934004	-0.349359152880001		-0.4282740187505682
-0.7330682024824462	1.043521751491009	-0.5844246865194683	-0.4775475965244049	-0.11270458060948993	-0.6800018369477553
-0.7333090095068263	0.9313213194657431	-0.542580573704523	-0.43670653639010454	0.05891716948738543	-0.40244385967667917
-0.7336592742695609	0.24409367331099016	-0.5276390126068644	-0.3109958717526361	-0.2367298986794985	-0.4533861829720957
-0.7360016698703492	-0.6254596748848197	-0.4473377988838263	-0.2950708291593514	-0.1596145256359692	-0.468581778945844
-0.7372057049922498	-0.5553344048690286	-0.5126587428016989	-0.47864310081473194	-0.00858738555071888	-0.33421080788750873
-0.7390883780919487	-0.3519711218232343	-0.3684107442772827	-0.4691177838496852	0.3920921936754528	-0.39559936776441373
-0.740095389284811	-0.03290114325138474	-0.507994343547119	-0.48188216246409804	-0.061446884580556485	-0.6355920897680865
